happy joy love / sad,empathy / apathy,hope / despair,agree / disagree,compliment praise / criticize,calm / concern fear anxiety,comfort / pain discomfort,surprise awe / ,satisfaction / , / frustration anger, / annoyance
88.6158318059,85.3917842634,28.0156756806,1.81330470404,126.415099791,-77.2737276711,-26.7375323127,85.5710403984,43.8684406667,-84.2415861391,20.3623059748
89.6317319597,86.3391611069,28.305786666,1.83954929428,127.785918149,-78.1566566856,-27.0640687715,86.5498158126,44.3691057793,-85.203617995,20.5718515302
90.5354573522,87.202494531,28.5224871587,1.85498637709,129.035699979,-79.0622185206,-27.4362210732,87.4516142841,44.8288073623,-86.1345992876,20.7180944918
